,accommodates,price,guests_included,extra_people
0,2,145.0,1,0.00
1,4,150.0,1,0.00
2,2,24.0,1,16.00
3,2,19.0,1,0.00
4,4,105.0,2,25.00
5,2,55.0,1,0.00
6,3,45.0,1,17.00
7,2,31.0,1,15.00
8,2,30.0,1,15.00
9,1,30.0,1,15.00
10,1,48.0,1,10.00
11,4,195.0,1,50.00
12,2,150.0,2,0.00
13,2,60.0,1,20.00
14,2,100.0,2,0.00
15,4,60.0,2,30.00
16,2,150.0,1,7.00
17,5,85.0,2,20.00
18,2,85.0,2,0.00
19,3,65.0,2,35.00
20,3,120.0,2,25.00
21,6,75.0,2,25.00
22,4,75.0,2,35.00
23,2,75.0,1,0.00
24,2,75.0,1,0.00
25,4,93.0,2,15.00
26,6,177.0,4,0.00
27,7,40.0,1,25.00
28,7,40.0,1,30.00
29,2,85.0,1,0.00
30,2,150.0,1,0.00
31,4,180.0,2,25.00
32,2,55.0,2,8.00
33,10,340.0,6,40.00
34,5,77.0,2,30.00
35,2,62.0,1,0.00
36,5,77.0,2,30.00
37,2,75.0,1,15.00
38,2,40.0,1,25.00
39,4,35.0,3,20.00
40,5,45.0,2,17.00
41,2,69.0,2,15.00
42,2,19.0,2,8.00
43,6,175.0,2,50.00
44,2,77.0,2,50.00
45,2,55.0,2,15.00
46,4,90.0,2,12.00
47,2,179.0,2,0.00
48,2,45.0,2,0.00
49,2,70.0,2,20.00
50,16,40.0,1,40.00
51,3,60.0,1,0.00
52,4,90.0,1,0.00
53,2,80.0,1,0.00
54,3,50.0,2,10.00
55,12,100.0,2,50.00
56,8,35.0,1,30.00
57,4,65.0,1,0.00
58,2,35.0,2,15.00
59,2,70.0,2,0.00
60,2,33.0,1,17.00
61,4,38.0,2,15.00
62,2,125.0,1,0.00
63,4,104.0,2,25.00
64,4,270.0,1,0.00
65,2,22.0,1,9.00
66,4,85.0,2,10.00
67,2,60.0,1,0.00
68,2,23.0,2,0.00
69,2,45.0,1,0.00
70,2,75.0,1,0.00
71,3,49.0,2,15.00
72,4,36.0,1,12.00
73,2,50.0,1,5.00
74,2,85.0,2,0.00
75,4,110.0,2,15.00
76,2,49.0,1,10.00
77,2,95.0,1,0.00
78,2,155.0,1,0.00
79,2,45.0,1,0.00
80,4,98.0,1,0.00
81,4,180.0,2,25.00
82,2,65.0,1,0.00
83,2,60.0,1,15.00
84,2,33.0,1,0.00
85,8,35.0,1,40.00
86,16,450.0,1,45.00
87,16,44.0,1,33.00
88,2,75.0,1,0.00
89,16,22.0,1,21.00
90,4,65.0,2,15.00
91,6,140.0,4,30.00
92,8,335.0,6,25.00
93,2,59.0,1,0.00
94,7,230.0,6,30.00
95,2,66.0,1,15.00
96,2,70.0,1,0.00
97,4,87.0,2,10.00
98,4,109.0,2,20.00
99,8,110.0,4,13.00
100,2,55.0,1,35.00
101,5,88.0,2,35.00
102,3,51.0,2,15.00
103,2,49.0,1,0.00
104,2,32.0,1,0.00
105,2,40.0,1,0.00
106,2,110.0,1,0.00
107,4,180.0,2,0.00
108,1,50.0,1,0.00
109,2,65.0,1,0.00
110,2,27.0,1,25.00
111,2,75.0,1,0.00
112,4,55.0,2,0.00
113,2,75.0,1,0.00
114,3,58.0,2,15.00
115,2,75.0,2,0.00
116,2,200.0,2,50.00
117,2,60.0,1,10.00
118,4,180.0,3,0.00
119,4,135.0,1,0.00
120,2,47.0,2,0.00
121,8,99.0,2,35.00
122,2,55.0,2,0.00
123,3,41.0,1,17.00
124,2,60.0,1,0.00
125,2,50.0,2,5.00
126,3,60.0,1,0.00
127,2,40.0,1,15.00
128,2,40.0,1,0.00
129,2,65.0,2,15.00
130,4,79.0,2,20.00
131,4,150.0,1,0.00
132,2,59.0,1,0.00
133,2,50.0,1,0.00
134,3,36.0,1,9.00
135,2,49.0,1,0.00
136,6,190.0,1,0.00
137,5,60.0,2,10.00
138,2,25.0,1,0.00
139,2,25.0,1,0.00
140,2,109.0,1,0.00
141,5,175.0,5,25.00
142,6,375.0,1,0.00
143,2,65.0,2,0.00
144,2,75.0,1,0.00
145,2,99.0,1,5.00
146,4,160.0,4,100.00
147,5,100.0,3,10.00
148,4,93.0,2,15.00
149,2,55.0,2,0.00
150,3,79.0,2,30.00
151,4,80.0,4,20.00
152,2,59.0,1,0.00
153,2,70.0,1,0.00
154,4,35.0,1,10.00
155,3,70.0,1,20.00
156,4,95.0,2,25.00
157,6,375.0,1,0.00
158,5,55.0,1,12.00
159,3,80.0,2,50.00
160,4,25.0,1,0.00
161,4,42.0,2,15.00
162,7,240.0,6,25.00
163,2,89.0,1,0.00
164,4,50.0,2,25.00
165,2,90.0,2,10.00
166,2,60.0,1,0.00
167,2,85.0,1,0.00
168,5,115.0,2,20.00
169,2,85.0,2,30.00
170,2,59.0,1,0.00
171,2,55.0,2,8.00
172,4,60.0,1,0.00
173,5,73.0,2,36.00
174,2,90.0,1,0.00
175,2,70.0,1,0.00
176,3,79.0,1,0.00
177,1,50.0,1,10.00
178,2,60.0,1,0.00
179,4,80.0,1,0.00
180,2,90.0,1,0.00
181,6,99.0,4,0.00
182,6,99.0,4,0.00
183,8,90.0,1,30.00
184,4,64.0,2,0.00
185,4,75.0,2,25.00
186,2,118.0,1,0.00
187,3,135.0,1,0.00
188,4,75.0,2,40.00
189,6,115.0,2,23.00
190,4,65.0,2,15.00
191,1,30.0,1,10.00
192,8,240.0,1,0.00
193,2,30.0,1,17.00
194,3,65.0,2,15.00
195,2,50.0,1,15.00
196,4,175.0,1,0.00
197,2,65.0,1,0.00
198,2,75.0,1,0.00
199,2,80.0,2,30.00
200,2,35.0,1,15.00
201,4,45.0,2,20.00
202,4,45.0,1,10.00
203,2,65.0,1,20.00
204,2,47.0,1,0.00
205,2,56.0,1,15.00
206,2,105.0,2,15.00
207,4,41.0,2,22.00
208,1,30.0,1,0.00
209,4,89.0,3,15.00
210,2,95.0,2,20.00
211,2,69.0,1,0.00
212,10,450.0,6,35.00
213,1,38.0,1,0.00
214,5,95.0,1,0.00
215,2,45.0,1,0.00
216,2,55.0,2,0.00
217,2,86.0,2,0.00
218,3,63.0,2,20.00
219,1,49.0,1,0.00
220,2,52.0,1,0.00
221,2,60.0,1,0.00
222,2,35.0,1,10.00
223,2,60.0,1,0.00
224,2,48.0,1,0.00
225,2,46.0,1,0.00
226,4,60.0,2,30.00
227,2,86.0,1,0.00
228,3,55.0,2,10.00
229,2,25.0,1,10.00
230,2,45.0,1,15.00
231,1,25.0,1,0.00
232,4,95.0,2,15.00
233,5,80.0,2,30.00
234,1,28.0,1,0.00
235,2,49.0,1,0.00
236,16,33.0,1,33.00
237,16,1150.0,1,22.00
238,2,40.0,1,0.00
239,2,52.0,2,15.00
240,3,50.0,2,25.00
241,2,34.0,1,0.00
242,2,42.0,1,0.00
243,4,75.0,2,5.00
244,4,96.0,1,15.00
245,2,56.0,1,0.00
246,2,99.0,1,80.00
247,6,44.0,1,42.00
248,2,87.0,1,0.00
249,2,100.0,1,0.00
250,2,39.0,1,5.00
251,3,91.0,1,0.00
252,3,28.0,1,20.00
253,1,36.0,1,0.00
254,2,60.0,1,0.00
255,2,40.0,1,0.00
256,2,50.0,2,45.00
257,10,50.0,1,49.00
258,1,24.0,1,15.00
259,2,53.0,1,0.00
260,2,69.0,1,0.00
261,6,500.0,1,0.00
262,2,62.0,1,0.00
263,2,75.0,1,0.00
264,2,69.0,1,0.00
265,2,75.0,1,0.00
266,2,75.0,1,5.00
267,1,29.0,1,0.00
268,4,120.0,4,30.00
269,10,275.0,5,30.00
270,5,80.0,2,10.00
271,2,60.0,2,0.00
272,2,38.0,1,0.00
273,2,75.0,1,0.00
274,2,45.0,1,0.00
275,2,50.0,1,0.00
276,1,30.0,1,0.00
277,4,171.0,1,0.00
278,6,36.0,1,25.00
279,3,40.0,2,10.00
280,2,46.0,1,35.00
281,2,43.0,1,0.00
282,2,33.0,1,10.00
283,2,20.0,1,10.00
284,3,58.0,2,20.00
285,1,35.0,1,0.00
286,2,24.0,1,12.00
287,5,79.0,1,0.00
288,1,38.0,1,5.00
289,2,30.0,1,0.00
290,2,93.0,1,0.00
291,2,70.0,1,0.00
292,2,48.0,1,0.00
293,4,50.0,2,0.00
294,4,50.0,2,10.00
295,2,60.0,2,45.00
296,4,50.0,3,10.00
297,5,80.0,2,20.00
298,13,350.0,1,0.00
299,3,70.0,3,25.00
300,2,70.0,2,25.00
301,16,400.0,1,0.00
302,2,75.0,1,0.00
303,2,60.0,1,0.00
304,2,54.0,1,0.00
305,2,98.0,1,0.00
306,4,140.0,4,30.00
307,2,85.0,1,0.00
308,2,79.0,1,0.00
309,2,72.0,1,0.00
310,2,69.0,1,0.00
311,2,100.0,2,35.00
312,1,25.0,1,0.00
313,2,65.0,1,0.00
314,2,65.0,1,0.00
315,5,130.0,4,20.00
316,1,20.0,1,0.00
317,2,65.0,1,0.00
318,2,72.0,1,0.00
319,2,44.0,1,0.00
320,8,210.0,1,10.00
321,4,95.0,1,0.00
322,2,75.0,1,0.00
323,3,80.0,1,0.00
324,4,50.0,1,17.00
325,4,64.0,2,10.00
326,2,109.0,1,0.00
327,2,15.0,1,0.00
328,2,70.0,1,0.00
329,2,52.0,1,4.00
330,2,63.0,2,10.00
331,2,50.0,1,0.00
332,2,105.0,1,0.00
333,4,60.0,1,0.00
334,2,80.0,1,0.00
335,8,298.0,4,30.00
336,6,225.0,1,10.00
337,1,35.0,1,0.00
338,1,25.0,1,0.00
339,2,70.0,1,0.00
340,6,95.0,4,25.00
341,2,25.0,1,0.00
342,4,100.0,1,0.00
343,3,30.0,1,0.00
344,2,39.0,1,0.00
345,4,100.0,2,20.00
346,4,62.0,2,15.00
347,3,34.0,1,14.00
348,2,34.0,1,14.00
349,4,90.0,1,0.00
350,3,34.0,1,10.00
351,2,55.0,2,20.00
352,16,44.0,1,33.00
353,16,60.0,1,55.00
354,2,70.0,1,0.00
355,4,28.0,1,10.00
356,4,34.0,1,15.00
357,2,36.0,1,12.00
358,6,159.0,6,25.00
359,2,75.0,1,0.00
360,3,45.0,2,10.00
361,4,80.0,2,40.00
362,2,65.0,1,0.00
363,6,160.0,1,0.00
364,4,49.0,2,12.00
365,2,25.0,1,25.00
366,3,120.0,1,0.00
367,4,75.0,2,20.00
368,4,70.0,1,0.00
369,2,29.0,1,0.00
370,6,159.0,2,0.00
371,2,130.0,1,0.00
372,2,48.0,1,15.00
373,6,129.0,1,0.00
374,7,110.0,2,10.00
375,2,50.0,1,0.00
376,2,60.0,1,20.00
377,3,60.0,1,20.00
378,4,150.0,1,0.00
379,6,85.0,2,35.00
380,6,155.0,6,25.00
381,2,40.0,2,10.00
382,16,39.0,1,38.00
383,4,160.0,1,0.00
384,3,30.0,1,20.00
385,4,59.0,2,30.00
386,1,68.0,1,0.00
387,5,60.0,1,15.00
388,4,60.0,1,15.00
389,4,85.0,4,15.00
390,4,81.0,4,15.00
391,4,49.0,2,15.00
392,4,83.0,4,15.00
393,4,81.0,1,0.00
394,4,70.0,1,0.00
395,2,72.0,1,0.00
396,2,63.0,1,0.00
397,4,65.0,2,25.00
398,2,26.0,1,10.00
399,5,60.0,1,15.00
400,2,89.0,2,30.00
401,3,42.0,2,16.00
402,4,94.0,1,60.00
403,2,75.0,1,0.00
404,2,35.0,1,0.00
405,2,29.0,1,10.00
406,4,80.0,4,30.00
407,4,95.0,1,20.00
408,16,380.0,1,45.00
409,2,40.0,1,0.00
410,3,70.0,1,0.00
411,2,100.0,1,0.00
412,2,60.0,1,0.00
413,2,100.0,1,0.00
414,3,90.0,1,0.00
415,8,108.0,6,20.00
416,2,25.0,1,15.00
417,3,35.0,2,20.00
418,4,180.0,1,0.00
419,2,48.0,1,0.00
420,2,60.0,1,0.00
421,2,99.0,1,0.00
422,5,140.0,2,25.00
423,2,50.0,1,0.00
424,2,45.0,1,0.00
425,2,125.0,4,30.00
426,2,119.0,1,0.00
427,2,110.0,1,0.00
428,2,55.0,1,0.00
429,3,60.0,1,0.00
430,4,79.0,3,25.00
431,4,89.0,2,45.00
432,4,99.0,2,0.00
433,4,65.0,1,0.00
434,3,45.0,1,0.00
435,2,33.0,1,0.00
436,2,44.0,1,0.00
437,6,79.0,2,15.00
438,2,75.0,2,0.00
439,2,85.0,4,0.00
440,4,95.0,2,10.00
441,4,150.0,2,10.00
442,3,40.0,1,0.00
443,2,99.0,1,10.00
444,3,70.0,1,0.00
445,4,60.0,1,15.00
446,3,68.0,1,0.00
447,4,150.0,2,10.00
448,2,79.0,1,0.00
449,4,55.0,1,15.00
450,4,59.0,1,15.00
451,6,99.0,2,25.00
452,4,89.0,2,30.00
453,1,17.0,1,25.00
454,2,28.0,1,0.00
455,4,59.0,1,10.00
456,4,96.0,1,0.00
457,2,85.0,1,0.00
458,2,89.0,1,0.00
459,2,60.0,1,0.00
460,2,60.0,1,0.00
461,2,169.0,1,0.00
462,4,199.0,2,50.00
463,6,95.0,2,7.00
464,2,65.0,1,0.00
465,1,19.0,1,0.00
466,2,65.0,1,0.00
467,3,45.0,2,10.00
468,2,61.0,1,0.00
469,8,69.0,1,16.00
470,2,75.0,1,0.00
471,2,175.0,1,0.00
472,2,65.0,2,10.00
473,5,100.0,4,50.00
474,4,260.0,1,0.00
475,2,65.0,1,0.00
476,5,73.0,1,0.00
477,3,75.0,2,35.00
478,5,46.0,2,15.00
479,2,45.0,1,10.00
480,2,90.0,2,0.00
481,2,85.0,1,0.00
482,5,125.0,1,0.00
483,2,45.0,1,0.00
484,1,20.0,1,0.00
485,2,65.0,1,0.00
486,2,28.0,1,0.00
487,2,45.0,1,10.00
488,2,35.0,1,0.00
489,3,75.0,2,15.00
490,4,75.0,2,10.00
491,4,80.0,1,0.00
492,2,39.0,1,0.00
493,2,74.0,1,0.00
494,2,60.0,1,0.00
495,2,69.0,1,0.00
496,2,60.0,1,0.00
497,4,100.0,1,0.00
498,2,55.0,1,4.00
499,4,100.0,1,0.00
500,2,50.0,1,0.00
501,5,185.0,5,0.00
502,2,50.0,1,0.00
503,4,59.0,2,10.00
504,3,55.0,2,10.00
505,2,34.0,1,0.00
506,2,50.0,1,9.00
507,3,46.0,1,0.00
508,2,45.0,1,0.00
509,2,35.0,1,0.00
510,2,35.0,1,0.00
511,2,20.0,1,15.00
512,4,109.0,4,20.00
513,2,53.0,1,0.00
514,4,75.0,1,0.00
515,2,16.0,1,0.00
516,6,70.0,2,30.00
517,4,26.0,1,30.00
518,2,43.0,2,10.00
519,4,129.0,2,20.00
520,2,45.0,1,0.00
521,4,150.0,1,0.00
522,3,47.0,2,10.00
523,6,115.0,4,16.00
524,6,59.0,2,30.00
525,2,45.0,1,5.00
526,4,50.0,1,0.00
527,2,90.0,1,0.00
528,2,65.0,1,0.00
529,2,59.0,1,5.00
530,2,50.0,1,0.00
531,6,119.0,1,0.00
532,4,49.0,2,15.00
533,2,81.0,1,0.00
534,2,60.0,1,0.00
535,2,59.0,2,10.00
536,2,48.0,1,0.00
537,5,60.0,2,20.00
538,5,250.0,1,0.00
539,1,20.0,1,10.00
540,4,100.0,1,0.00
541,2,59.0,1,0.00
542,2,50.0,1,0.00
543,2,75.0,1,5.00
544,2,65.0,1,0.00
545,2,50.0,1,0.00
546,2,34.0,1,8.00
547,2,75.0,2,20.00
548,2,60.0,1,0.00
549,2,54.0,1,0.00
550,5,60.0,2,15.00
551,2,45.0,1,10.00
552,2,50.0,2,20.00
553,2,65.0,1,0.00
554,4,118.0,1,0.00
555,8,250.0,4,20.00
556,1,26.0,1,0.00
557,4,100.0,2,25.00
558,2,55.0,1,0.00
559,8,99.0,1,16.00
560,5,120.0,3,15.00
561,8,305.0,6,60.00
562,2,25.0,1,10.00
563,2,73.0,1,0.00
564,2,42.0,1,7.00
565,1,15.0,1,0.00
566,7,225.0,1,0.00
567,6,162.0,4,10.00
568,2,60.0,2,0.00
569,2,85.0,2,0.00
570,2,45.0,2,0.00
571,5,89.0,3,10.00
572,2,43.0,1,7.00
573,2,31.0,1,0.00
574,2,53.0,1,0.00
575,4,60.0,2,15.00
576,4,120.0,2,15.00
577,2,50.0,1,0.00
578,4,40.0,2,0.00
579,6,130.0,1,20.00
580,2,35.0,1,20.00
581,2,60.0,1,0.00
582,2,46.0,1,0.00
583,2,75.0,2,45.00
584,2,39.0,2,0.00
585,3,90.0,2,15.00
586,4,65.0,2,25.00
587,7,100.0,2,20.00
588,2,50.0,1,0.00
589,2,85.0,1,0.00
590,2,65.0,1,0.00
591,2,155.0,1,0.00
592,2,125.0,1,0.00
593,2,155.0,1,0.00
594,4,60.0,1,0.00
595,3,63.0,1,0.00
596,2,155.0,1,0.00
597,2,125.0,1,0.00
598,4,99.0,2,25.00
599,2,39.0,1,0.00
600,7,65.0,2,40.00
601,4,47.0,2,7.00
602,3,50.0,2,10.00
603,3,100.0,2,15.00
604,2,41.0,2,15.00
605,3,60.0,1,0.00
606,4,59.0,2,25.00
607,4,99.0,2,25.00
608,2,45.0,1,0.00
609,2,60.0,2,20.00
610,6,100.0,2,25.00
611,2,40.0,1,0.00
612,2,60.0,1,0.00
613,2,99.0,1,0.00
614,2,50.0,2,10.00
615,2,68.0,1,20.00
616,1,49.0,1,15.00
617,5,90.0,1,0.00
618,4,99.0,2,28.00
619,2,60.0,1,0.00
620,2,75.0,1,0.00
621,4,80.0,2,11.00
622,2,60.0,1,0.00
623,3,55.0,1,6.00
624,3,49.0,2,20.00
625,4,150.0,2,25.00
626,2,59.0,1,0.00
627,2,39.0,2,15.00
628,2,110.0,1,0.00
629,2,75.0,1,0.00
630,2,59.0,1,0.00
631,3,56.0,1,4.00
632,6,109.0,2,20.00
633,2,27.0,1,25.00
634,5,100.0,1,0.00
635,2,40.0,1,0.00
636,2,55.0,1,4.00
637,7,95.0,2,30.00
638,4,85.0,1,0.00
639,2,65.0,1,0.00
640,6,140.0,2,10.00
641,3,60.0,1,0.00
642,2,139.0,1,0.00
643,3,75.0,2,35.00
644,2,58.0,2,20.00
645,6,100.0,2,25.00
646,4,70.0,2,10.00
647,4,47.0,2,10.00
648,2,60.0,2,15.00
649,4,90.0,1,0.00
650,1,15.0,1,0.00
651,10,112.0,5,28.00
652,2,59.0,1,0.00
653,6,151.0,4,29.00
654,4,180.0,1,0.00
655,3,55.0,2,20.00
656,4,69.0,1,0.00
657,9,130.0,1,0.00
658,4,52.0,1,25.00
659,2,75.0,1,0.00
660,2,65.0,1,0.00
661,2,25.0,1,0.00
662,2,65.0,2,33.00
663,2,35.0,1,5.00
664,8,50.0,1,50.00
665,6,245.0,1,0.00
666,4,175.0,2,15.00
667,2,35.0,1,10.00
668,7,135.0,4,20.00
669,2,80.0,1,0.00
670,4,129.0,2,20.00
671,6,150.0,4,30.00
672,4,89.0,2,15.00
673,2,35.0,1,10.00
674,6,185.0,6,35.00
675,3,86.0,2,15.00
676,2,85.0,1,0.00
677,4,69.0,2,25.00
678,4,150.0,1,0.00
679,5,53.0,1,10.00
680,3,49.0,1,0.00
681,2,55.0,1,20.00
682,2,51.0,2,15.00
683,3,55.0,2,15.00
684,4,110.0,1,0.00
685,6,64.0,2,42.00
686,5,85.0,5,0.00
687,2,45.0,2,50.00
688,2,45.0,2,10.00
689,1,30.0,1,0.00
690,2,37.0,1,10.00
691,2,60.0,1,7.00
692,4,128.0,2,10.00
693,5,105.0,4,20.00
694,2,85.0,1,0.00
695,1,30.0,1,7.00
696,3,95.0,2,10.00
697,2,44.0,1,0.00
698,4,90.0,1,0.00
699,2,41.0,1,0.00
700,2,110.0,1,0.00
701,10,350.0,6,30.00
702,6,35.0,1,25.00
703,2,50.0,2,0.00
704,10,237.0,1,70.00
705,2,54.0,1,0.00
706,3,81.0,1,0.00
707,9,190.0,4,11.00
708,2,45.0,1,9.00
709,1,19.0,1,16.00
710,4,65.0,2,15.00
711,4,70.0,2,10.00
712,4,68.0,2,25.00
713,2,50.0,1,0.00
714,5,110.0,4,0.00
715,2,45.0,1,0.00
716,2,32.0,1,10.00
717,5,135.0,1,0.00
718,2,45.0,2,15.00
719,2,60.0,1,0.00
720,10,350.0,1,0.00
721,2,74.0,2,80.00
722,3,75.0,2,15.00
723,2,35.0,1,5.00
724,2,160.0,1,0.00
725,3,80.0,2,20.00
726,8,112.0,5,28.00
727,2,43.0,1,10.00
728,2,80.0,1,0.00
729,2,37.0,1,0.00
730,1,75.0,1,0.00
731,3,82.0,2,25.00
732,2,58.0,2,0.00
733,2,71.0,1,61.00
734,2,45.0,1,0.00
735,2,65.0,2,20.00
736,2,85.0,2,0.00
737,2,45.0,1,0.00
738,5,99.0,2,10.00
739,3,75.0,2,5.00
740,2,60.0,1,5.00
741,2,41.0,1,5.00
742,4,75.0,1,0.00
743,2,0.0,1,0.00
744,3,60.0,1,0.00
745,1,79.0,1,0.00
746,2,52.0,1,0.00
747,2,1250.0,1,0.00
748,4,80.0,4,10.00
749,2,37.0,1,0.00
750,4,80.0,1,0.00
751,2,90.0,1,0.00
752,2,47.0,1,0.00
753,4,70.0,4,15.00
754,6,180.0,1,0.00
755,2,55.0,2,30.00
756,5,89.0,4,20.00
757,2,65.0,2,15.00
758,3,65.0,1,0.00
759,2,95.0,2,0.00
760,2,90.0,1,0.00
761,2,30.0,1,6.00
762,2,31.0,1,20.00
763,3,115.0,1,0.00
764,6,120.0,1,0.00
765,4,75.0,2,12.00
766,2,53.0,1,20.00
767,1,25.0,1,0.00
768,1,30.0,1,0.00
769,3,54.0,1,0.00
770,3,150.0,2,50.00
771,6,320.0,6,20.00
772,2,65.0,1,0.00
773,3,379.0,4,50.00
774,6,350.0,2,25.00
775,4,119.0,1,0.00
776,4,32.0,2,10.00
777,1,17.0,1,0.00
778,2,40.0,1,0.00
779,2,90.0,2,20.00
780,2,60.0,1,0.00
781,2,65.0,1,0.00
782,3,68.0,2,20.00
783,4,99.0,4,0.00
784,2,75.0,1,10.00
785,3,75.0,2,0.00
786,4,115.0,1,0.00
787,2,74.0,1,4.00
788,1,35.0,1,20.00
789,2,13.0,1,4.00
790,2,65.0,1,0.00
791,4,97.0,1,0.00
792,4,130.0,1,15.00
793,4,125.0,1,0.00
794,2,60.0,1,0.00
795,6,79.0,5,15.00
796,2,60.0,1,0.00
797,3,60.0,1,0.00
798,3,75.0,1,0.00
799,1,25.0,1,25.00
800,2,40.0,1,0.00
801,1,40.0,1,0.00
802,3,75.0,1,0.00
803,4,110.0,2,0.00
804,6,50.0,2,30.00
805,4,50.0,2,10.00
806,4,80.0,2,12.00
807,2,40.0,1,0.00
808,5,100.0,2,0.00
809,2,100.0,1,0.00
810,2,45.0,1,15.00
811,2,60.0,1,0.00
812,3,80.0,1,25.00
813,3,35.0,1,20.00
814,2,35.0,1,0.00
815,2,30.0,1,0.00
816,3,115.0,3,25.00
817,4,65.0,2,12.00
818,2,95.0,2,10.00
819,8,230.0,1,0.00
820,2,79.0,2,30.00
821,2,35.0,1,0.00
822,4,195.0,1,0.00
823,4,150.0,1,0.00
824,2,20.0,1,20.00
825,2,35.0,1,0.00
826,5,133.0,1,0.00
827,2,55.0,1,0.00
828,2,55.0,1,0.00
829,3,55.0,2,10.00
830,2,75.0,1,0.00
831,2,40.0,2,10.00
832,3,222.0,1,0.00
833,4,69.0,1,0.00
834,4,90.0,1,10.00
835,4,99.0,1,15.00
836,5,130.0,5,20.00
837,3,54.0,2,10.00
838,2,60.0,1,0.00
839,2,35.0,1,0.00
840,2,50.0,1,0.00
841,6,80.0,2,10.00
842,7,150.0,4,25.00
843,3,45.0,1,20.00
844,2,47.0,1,0.00
845,2,44.0,1,0.00
846,2,60.0,1,0.00
847,2,50.0,1,0.00
848,2,35.0,1,10.00
849,7,75.0,4,15.00
850,4,69.0,2,0.00
851,6,99.0,4,0.00
852,7,139.0,1,0.00
853,6,99.0,4,0.00
854,4,99.0,4,0.00
855,2,50.0,1,0.00
856,2,55.0,3,0.00
857,4,125.0,2,25.00
858,2,50.0,1,0.00
859,6,140.0,1,0.00
860,2,70.0,2,0.00
861,3,95.0,1,0.00
862,4,60.0,2,10.00
863,4,94.0,1,0.00
864,4,94.0,1,0.00
865,4,99.0,1,0.00
866,4,99.0,1,0.00
867,4,94.0,1,0.00
868,4,94.0,1,0.00
869,4,94.0,1,0.00
870,2,59.0,1,0.00
871,4,94.0,1,0.00
872,2,38.0,1,12.00
873,4,79.0,2,15.00
874,3,30.0,1,15.00
875,2,25.0,1,0.00
876,2,50.0,2,10.00
877,1,25.0,1,0.00
878,6,190.0,4,20.00
879,3,60.0,1,0.00
880,2,59.0,1,0.00
881,2,90.0,1,0.00
882,4,80.0,1,0.00
883,2,50.0,1,0.00
884,1,29.0,1,0.00
885,4,27.0,1,0.00
886,4,40.0,2,15.00
887,5,150.0,1,0.00
888,8,435.0,8,100.00
889,2,30.0,1,0.00
890,3,79.0,3,20.00
891,2,100.0,1,0.00
892,4,105.0,4,0.00
893,6,115.0,2,15.00
894,2,40.0,2,15.00
895,2,90.0,1,60.00
896,2,90.0,1,0.00
897,4,58.0,2,0.00
898,2,90.0,1,0.00
899,2,28.0,1,5.00
900,2,50.0,2,30.00
901,3,120.0,1,0.00
902,4,115.0,2,15.00
903,1,28.0,1,0.00
904,2,63.0,1,0.00
905,2,85.0,1,0.00
906,2,70.0,1,0.00
907,2,50.0,1,0.00
908,4,60.0,1,0.00
909,2,54.0,1,0.00
910,3,40.0,1,0.00
911,2,93.0,1,0.00
912,1,25.0,1,0.00
913,2,80.0,1,20.00
914,4,75.0,2,12.00
915,2,22.0,1,0.00
916,2,40.0,1,10.00
917,2,40.0,1,10.00
918,2,30.0,1,0.00
919,7,90.0,3,8.00
920,2,69.0,1,0.00
921,4,95.0,2,10.00
922,5,87.0,4,40.00
923,3,100.0,2,0.00
924,4,60.0,1,0.00
925,4,78.0,1,0.00
926,2,65.0,1,0.00
927,4,100.0,1,0.00
928,3,30.0,1,0.00
929,5,70.0,2,10.00
930,2,60.0,1,0.00
931,2,55.0,1,0.00
932,2,130.0,2,30.00
933,6,120.0,1,0.00
934,2,55.0,1,0.00
935,2,49.0,2,30.00
936,2,65.0,1,0.00
937,2,59.0,1,4.00
938,3,25.0,1,12.00
939,2,80.0,1,0.00
940,2,60.0,1,0.00
941,3,35.0,1,15.00
942,4,75.0,1,0.00
943,4,90.0,2,25.00
944,4,59.0,2,10.00
945,6,100.0,1,0.00
946,3,50.0,2,15.00
947,4,59.0,2,18.00
948,2,60.0,1,0.00
949,2,35.0,1,10.00
950,2,30.0,1,0.00
951,4,160.0,1,0.00
952,1,25.0,1,0.00
953,2,45.0,1,0.00
954,2,150.0,1,0.00
955,5,99.0,1,0.00
956,2,120.0,1,0.00
957,2,130.0,1,0.00
958,2,20.0,1,0.00
959,3,120.0,1,0.00
960,2,69.0,1,0.00
961,6,300.0,4,15.00
962,3,69.0,1,15.00
963,3,35.0,1,0.00
964,3,22.0,1,12.00
965,3,77.0,2,8.00
966,4,115.0,2,0.00
967,3,75.0,1,0.00
968,3,65.0,1,15.00
969,2,45.0,1,0.00
970,5,99.0,4,20.00
971,2,130.0,2,35.00
972,2,150.0,1,0.00
973,4,27.0,1,15.00
974,3,70.0,1,0.00
975,3,135.0,2,25.00
976,2,59.0,1,0.00
977,3,35.0,3,50.00
978,16,550.0,1,0.00
979,4,75.0,1,10.00
980,2,135.0,2,25.00
981,2,65.0,1,0.00
982,4,39.0,1,0.00
983,10,49.0,1,0.00
984,4,150.0,1,0.00
985,3,60.0,1,20.00
986,2,99.0,1,0.00
987,3,40.0,2,20.00
988,2,60.0,2,0.00
989,1,35.0,1,5.00
990,2,100.0,1,0.00
991,5,75.0,2,25.00
992,2,75.0,1,0.00
993,2,65.0,1,0.00
994,6,125.0,4,50.00
995,2,20.0,1,15.00
996,8,65.0,1,0.00
997,6,100.0,1,0.00
998,4,63.0,2,18.00
999,2,135.0,1,0.00
1000,2,100.0,1,25.00
1001,4,165.0,2,15.00
1002,3,44.0,1,0.00
1003,2,95.0,1,0.00
1004,6,150.0,1,0.00
1005,4,56.0,2,15.00
1006,4,56.0,2,15.00
1007,3,85.0,2,25.00
1008,5,60.0,3,20.00
1009,2,31.0,1,20.00
1010,3,80.0,2,15.00
1011,2,49.0,1,0.00
1012,4,80.0,4,15.00
1013,1,60.0,1,0.00
1014,2,65.0,1,0.00
1015,2,50.0,1,0.00
1016,4,145.0,1,0.00
1017,4,85.0,2,20.00
1018,6,85.0,1,0.00
1019,4,190.0,4,50.00
1020,2,95.0,1,0.00
1021,5,75.0,1,0.00
1022,5,150.0,2,10.00
1023,2,55.0,1,10.00
1024,4,95.0,4,0.00
1025,2,40.0,2,20.00
1026,2,52.0,1,0.00
1027,2,53.0,1,0.00
1028,2,60.0,1,0.00
1029,6,185.0,2,40.00
1030,2,45.0,1,0.00
1031,3,10.0,1,0.00
1032,6,50.0,3,4.00
1033,6,45.0,1,25.00
1034,2,23.0,1,10.00
1035,2,62.0,1,0.00
1036,2,45.0,1,30.00
1037,4,74.0,2,12.00
1038,2,59.0,1,0.00
1039,4,95.0,2,18.00
1040,2,45.0,1,0.00
1041,2,65.0,1,10.00
1042,6,150.0,2,10.00
1043,2,75.0,1,0.00
1044,2,75.0,1,0.00
1045,4,65.0,2,20.00
1046,4,96.0,2,16.00
1047,2,60.0,1,0.00
1048,4,65.0,2,18.00
1049,2,60.0,1,0.00
1050,4,56.0,2,15.00
1051,2,54.0,1,0.00
1052,2,35.0,2,17.00
1053,9,45.0,1,25.00
1054,2,65.0,1,0.00
1055,7,80.0,4,20.00
1056,3,99.0,2,22.00
1057,4,55.0,2,25.00
1058,4,50.0,2,20.00
1059,4,80.0,1,0.00
1060,2,57.0,2,15.00
1061,2,55.0,1,0.00
1062,2,50.0,1,0.00
1063,2,90.0,1,0.00
1064,5,112.0,5,28.00
1065,2,35.0,1,0.00
1066,8,204.0,1,0.00
1067,3,57.0,2,18.00
1068,4,90.0,2,15.00
1069,4,110.0,2,35.00
1070,4,295.0,1,50.00
1071,2,40.0,1,30.00
1072,4,80.0,2,20.00
1073,5,66.0,2,10.00
1074,5,110.0,5,10.00
1075,4,999.0,1,0.00
1076,4,160.0,1,0.00
1077,1,20.0,1,10.00
1078,2,95.0,2,15.00
1079,8,59.0,4,17.00
1080,4,65.0,2,20.00
1081,4,75.0,2,12.00
1082,2,65.0,1,0.00
1083,2,60.0,1,0.00
1084,1,32.0,1,0.00
1085,4,40.0,2,20.00
1086,3,60.0,1,0.00
1087,3,31.0,2,20.00
1088,2,59.0,2,30.00
1089,4,95.0,2,20.00
1090,2,46.0,1,0.00
1091,5,63.0,1,0.00
1092,2,60.0,2,0.00
1093,2,75.0,1,0.00
1094,1,35.0,1,0.00
1095,2,25.0,1,6.00
1096,6,145.0,1,0.00
1097,2,65.0,1,0.00
1098,2,40.0,1,10.00
1099,2,70.0,1,0.00
1100,4,120.0,4,25.00
1101,4,62.0,1,0.00
1102,5,67.0,1,37.00
1103,2,25.0,1,15.00
1104,2,49.0,1,0.00
1105,5,79.0,2,10.00
1106,4,59.0,2,0.00
1107,2,60.0,1,0.00
1108,4,999.0,1,0.00
1109,4,999.0,1,0.00
1110,4,999.0,1,0.00
1111,4,999.0,1,0.00
1112,4,999.0,1,0.00
1113,4,120.0,2,25.00
1114,6,250.0,1,0.00
1115,2,45.0,2,0.00
1116,3,75.0,2,50.00
1117,4,62.0,2,20.00
1118,4,73.0,1,0.00
1119,4,75.0,1,0.00
1120,6,99.0,1,0.00
1121,2,45.0,1,0.00
1122,2,60.0,1,0.00
1123,2,71.0,1,17.00
1124,8,35.0,1,15.00
1125,4,95.0,2,50.00
1126,2,95.0,1,0.00
1127,2,25.0,1,0.00
1128,2,45.0,1,0.00
1129,2,70.0,1,0.00
1130,6,149.0,4,25.00
1131,1,26.0,1,0.00
1132,3,85.0,2,10.00
1133,4,89.0,1,0.00
1134,2,120.0,2,50.00
1135,2,23.0,1,0.00
1136,2,40.0,1,0.00
1137,4,35.0,1,0.00
1138,4,42.0,1,0.00
1139,8,200.0,1,0.00
1140,2,35.0,1,0.00
1141,2,100.0,2,30.00
1142,3,35.0,2,10.00
1143,5,150.0,5,20.00
1144,2,50.0,2,10.00
1145,2,82.0,1,0.00
1146,2,100.0,2,0.00
1147,2,50.0,1,0.00
1148,4,75.0,2,15.00
1149,3,100.0,2,0.00
1150,3,45.0,2,4.00
1151,3,165.0,1,30.00
1152,4,99.0,1,0.00
1153,2,70.0,1,0.00
1154,2,66.0,1,0.00
1155,2,33.0,1,10.00
1156,2,109.0,2,0.00
1157,2,99.0,2,0.00
1158,1,72.0,1,0.00
1159,2,55.0,1,0.00
1160,2,75.0,1,0.00
1161,6,140.0,4,50.00
1162,2,45.0,1,10.00
1163,4,74.0,1,0.00
1164,2,50.0,2,10.00
1165,2,39.0,1,0.00
1166,5,115.0,3,10.00
1167,3,29.0,4,8.00
1168,2,30.0,1,0.00
1169,3,85.0,2,10.00
1170,8,590.0,1,0.00
1171,6,59.0,4,5.00
1172,2,120.0,1,0.00
1173,2,140.0,1,0.00
1174,2,90.0,1,0.00
1175,2,58.0,1,0.00
1176,2,60.0,1,10.00
1177,4,100.0,1,0.00
1178,2,100.0,2,15.00
1179,2,40.0,1,5.00
1180,2,55.0,1,0.00
1181,2,120.0,1,0.00
1182,2,55.0,1,0.00
1183,2,54.0,1,0.00
1184,2,39.0,1,0.00
1185,2,39.0,1,0.00
1186,4,53.0,1,0.00
1187,6,104.0,6,10.00
1188,6,84.0,6,10.00
1189,4,75.0,4,10.00
1190,3,45.0,2,0.00
1191,16,33.0,1,33.00
1192,2,65.0,1,0.00
1193,2,59.0,1,0.00
1194,14,400.0,8,30.00
1195,2,38.0,2,0.00
1196,2,45.0,1,0.00
1197,3,74.0,1,0.00
1198,4,99.0,2,30.00
1199,1,26.0,1,0.00
1200,3,49.0,2,20.00
1201,2,50.0,1,0.00
1202,4,85.0,4,10.00
1203,4,95.0,2,20.00
1204,4,115.0,1,30.00
1205,5,175.0,1,0.00
1206,4,40.0,2,18.00
1207,2,150.0,1,0.00
1208,2,80.0,2,10.00
1209,1,18.0,1,0.00
1210,2,15.0,1,15.00
1211,2,50.0,1,0.00
1212,2,51.0,1,0.00
1213,6,195.0,1,0.00
1214,3,61.0,1,17.00
1215,4,60.0,2,12.00
1216,3,60.0,1,0.00
1217,3,60.0,1,0.00
1218,2,39.0,1,0.00
1219,2,45.0,1,0.00
1220,2,37.0,1,0.00
1221,4,150.0,1,0.00
1222,2,49.0,2,0.00
1223,6,195.0,1,0.00
1224,6,195.0,1,0.00
1225,2,46.0,1,0.00
1226,6,9.0,1,0.00
1227,5,60.0,1,0.00
1228,2,45.0,1,15.00
1229,3,49.0,1,10.00
1230,4,58.0,1,0.00
1231,1,38.0,1,0.00
1232,4,80.0,2,10.00
1233,4,89.0,2,25.00
1234,2,55.0,1,0.00
1235,6,99.0,1,0.00
1236,4,89.0,2,28.00
1237,4,60.0,2,25.00
1238,3,78.0,2,25.00
1239,2,48.0,1,10.00
1240,4,74.0,3,25.00
1241,2,70.0,1,0.00
1242,2,85.0,1,0.00
1243,2,60.0,1,0.00
1244,2,142.0,1,0.00
1245,2,85.0,1,0.00
1246,2,30.0,1,20.00
1247,2,90.0,1,0.00
1248,5,85.0,3,15.00
1249,2,60.0,1,0.00
1250,16,185.0,1,15.00
1251,4,160.0,2,15.00
1252,2,60.0,2,50.00
1253,2,65.0,1,0.00
1254,2,60.0,1,0.00
1255,4,55.0,2,20.00
1256,2,49.0,1,0.00
1257,2,70.0,2,262.00
1258,4,90.0,2,15.00
1259,3,22.0,1,20.00
1260,5,112.0,5,28.00
1261,2,22.0,1,20.00
1262,2,145.0,2,35.00
1263,3,110.0,2,0.00
1264,2,62.0,1,0.00
1265,2,44.0,1,5.00
1266,4,195.0,1,0.00
1267,6,195.0,4,20.00
1268,3,59.0,2,25.00
1269,5,149.0,1,0.00
1270,4,999.0,1,0.00
1271,2,42.0,1,0.00
1272,3,129.0,1,15.00
1273,2,45.0,1,25.00
1274,1,50.0,1,10.00
1275,4,60.0,3,8.00
1276,2,49.0,1,0.00
1277,2,70.0,1,0.00
1278,2,35.0,1,9.00
1279,2,24.0,1,0.00
1280,4,250.0,1,0.00
1281,4,89.0,1,0.00
1282,2,69.0,1,0.00
1283,4,66.0,2,18.00
1284,4,100.0,1,0.00
1285,2,60.0,1,10.00
1286,6,70.0,15,15.00
1287,2,23.0,2,0.00
1288,2,70.0,1,5.00
1289,5,110.0,2,15.00
1290,2,55.0,1,0.00
1291,6,69.0,1,0.00
1292,4,82.0,1,5.00
1293,1,17.0,5,10.00
1294,2,67.0,1,5.00
1295,4,70.0,1,10.00
1296,7,150.0,4,20.00
1297,6,100.0,1,0.00
1298,2,38.0,1,0.00
1299,5,80.0,4,0.00
1300,4,140.0,1,0.00
1301,5,79.0,2,10.00
1302,4,68.0,1,0.00
1303,4,62.0,1,0.00
1304,2,69.0,1,0.00
1305,2,22.0,1,20.00
1306,6,80.0,2,20.00
1307,5,95.0,3,12.00
1308,2,60.0,1,0.00
1309,1,22.0,1,0.00
1310,1,20.0,1,15.00
1311,16,49.0,1,18.00
1312,4,100.0,4,15.00
1313,2,84.0,1,0.00
1314,4,95.0,1,0.00
1315,9,210.0,1,0.00
1316,6,135.0,1,0.00
1317,2,85.0,1,0.00
1318,2,45.0,1,0.00
1319,2,60.0,2,50.00
1320,2,30.0,1,10.00
1321,2,43.0,2,15.00
1322,2,65.0,1,0.00
1323,8,116.0,1,0.00
1324,1,25.0,1,0.00
1325,3,30.0,1,0.00
1326,2,42.0,2,0.00
1327,2,69.0,1,0.00
1328,4,95.0,1,0.00
1329,6,135.0,1,0.00
1330,2,49.0,1,0.00
1331,2,45.0,1,19.00
1332,3,22.0,1,20.00
1333,1,350.0,1,0.00
1334,2,60.0,1,0.00
1335,4,90.0,1,0.00
1336,4,130.0,1,0.00
1337,2,59.0,1,0.00
1338,2,69.0,1,0.00
1339,4,52.0,2,21.00
1340,8,99.0,1,16.00
1341,4,79.0,1,15.00
1342,2,44.0,2,15.00
1343,4,71.0,3,25.00
1344,1,35.0,1,30.00
1345,2,28.0,1,15.00
1346,1,75.0,1,0.00
1347,2,119.0,1,0.00
1348,8,35.0,1,15.00
1349,6,145.0,4,20.00
1350,2,39.0,1,6.00
1351,2,30.0,1,0.00
1352,2,79.0,1,0.00
1353,2,29.0,1,25.00
1354,2,95.0,1,10.00
1355,4,90.0,1,0.00
1356,2,45.0,1,0.00
1357,2,30.0,1,0.00
1358,6,120.0,1,0.00
1359,5,59.0,1,25.00
1360,2,55.0,1,0.00
1361,2,60.0,2,50.00
1362,2,45.0,1,0.00
1363,2,69.0,1,0.00
1364,2,65.0,1,0.00
1365,2,70.0,1,0.00
1366,2,85.0,1,0.00
1367,2,65.0,1,0.00
1368,4,93.0,1,40.00
1369,2,36.0,1,0.00
1370,3,56.0,2,25.00
1371,6,56.0,2,15.00
1372,4,45.0,1,5.00
1373,2,50.0,1,0.00
1374,2,120.0,1,0.00
1375,4,190.0,1,0.00
1376,2,30.0,1,0.00
1377,1,15.0,1,0.00
1378,4,89.0,1,0.00
1379,2,68.0,1,0.00
1380,2,90.0,1,0.00
1381,2,55.0,1,0.00
1382,5,69.0,2,22.00
1383,4,55.0,2,25.00
1384,3,60.0,1,0.00
1385,6,135.0,4,35.00
1386,8,129.0,1,0.00
1387,5,95.0,2,30.00
1388,4,205.0,1,0.00
1389,10,155.0,1,0.00
1390,2,75.0,1,0.00
1391,9,161.0,8,28.00
1392,6,110.0,4,20.00
1393,6,70.0,2,20.00
1394,4,65.0,1,0.00
1395,3,55.0,2,25.00
1396,1,45.0,1,0.00
1397,2,60.0,1,0.00
1398,4,49.0,2,17.00
1399,2,24.0,1,9.00
1400,2,60.0,1,0.00
1401,8,89.0,2,20.00
1402,3,40.0,2,20.00
1403,3,40.0,2,20.00
1404,4,80.0,2,10.00
1405,2,40.0,1,0.00
1406,3,24.0,1,9.00
1407,1,15.0,1,0.00
1408,2,44.0,1,5.00
1409,2,80.0,1,0.00
1410,3,35.0,1,15.00
1411,2,70.0,1,0.00
1412,2,60.0,1,0.00
1413,4,65.0,2,15.00
1414,3,145.0,1,0.00
1415,2,25.0,1,15.00
1416,5,90.0,3,0.00
1417,2,79.0,1,0.00
1418,4,69.0,1,0.00
1419,2,50.0,1,0.00
1420,2,105.0,1,0.00
1421,2,38.0,1,0.00
1422,2,75.0,1,0.00
1423,2,75.0,1,0.00
1424,2,77.0,2,40.00
1425,3,56.0,2,10.00
1426,2,39.0,1,0.00
1427,6,80.0,2,22.00
1428,1,49.0,1,23.00
1429,2,52.0,1,0.00
1430,11,67.0,2,39.00
1431,2,85.0,1,0.00
1432,2,60.0,2,8.00
1433,4,150.0,1,0.00
1434,2,100.0,2,20.00
1435,7,300.0,1,10.00
1436,4,60.0,1,0.00
1437,4,56.0,1,0.00
1438,4,146.0,1,0.00
1439,4,65.0,2,20.00
1440,3,35.0,1,0.00
1441,2,38.0,1,0.00
1442,3,35.0,1,0.00
1443,2,38.0,1,0.00
1444,4,95.0,1,0.00
1445,2,38.0,1,0.00
1446,2,85.0,1,0.00
1447,2,65.0,1,0.00
1448,3,50.0,1,0.00
1449,4,80.0,1,0.00
1450,5,90.0,3,18.00
1451,2,50.0,1,0.00
1452,2,47.0,2,30.00
1453,4,55.0,1,20.00
1454,2,62.0,1,0.00
1455,4,68.0,1,15.00
1456,5,68.0,4,10.00
1457,2,96.0,1,0.00
1458,4,126.0,1,0.00
1459,2,102.0,1,0.00
1460,4,190.0,1,0.00
1461,4,60.0,2,20.00
1462,2,40.0,2,5.00
1463,4,93.0,2,40.00
1464,4,93.0,2,40.00
1465,4,93.0,2,40.00
1466,4,119.0,1,0.00
1467,2,28.0,1,11.00
1468,4,90.0,2,0.00
1469,4,99.0,1,0.00
1470,2,75.0,1,5.00
1471,4,99.0,1,0.00
1472,4,99.0,1,0.00
1473,4,99.0,1,0.00
1474,5,75.0,5,10.00
1475,4,27.0,1,10.00
1476,4,100.0,2,15.00
1477,4,65.0,2,22.00
1478,2,25.0,1,10.00
1479,5,149.0,1,0.00
1480,9,250.0,2,10.00
1481,4,55.0,2,10.00
1482,4,69.0,1,0.00
1483,12,160.0,8,15.00
1484,4,99.0,1,0.00
1485,2,70.0,1,0.00
1486,2,89.0,1,0.00
1487,2,80.0,1,0.00
1488,6,119.0,1,0.00
1489,2,34.0,1,0.00
1490,2,45.0,1,0.00
1491,4,230.0,1,10.00
1492,3,150.0,1,0.00
1493,4,284.0,2,0.00
1494,4,284.0,2,0.00
1495,4,284.0,2,0.00
1496,4,284.0,2,0.00
1497,4,120.0,2,15.00
1498,4,284.0,2,0.00
1499,4,284.0,2,0.00
1500,4,75.0,2,5.00
1501,4,95.0,1,0.00
1502,4,284.0,2,0.00
1503,4,284.0,2,0.00
1504,4,284.0,2,0.00
1505,4,284.0,2,0.00
1506,4,284.0,2,0.00
1507,4,284.0,2,0.00
1508,4,300.0,2,0.00
1509,4,300.0,2,0.00
1510,3,284.0,2,0.00
1511,4,95.0,3,35.00
1512,3,90.0,3,15.00
1513,2,65.0,1,0.00
1514,6,90.0,4,10.00
1515,4,65.0,1,0.00
1516,3,95.0,1,0.00
1517,2,70.0,1,0.00
1518,2,35.0,1,0.00
1519,3,70.0,1,0.00
1520,2,120.0,2,0.00
1521,3,120.0,2,20.00
1522,4,150.0,2,15.00
1523,4,90.0,1,0.00
1524,2,100.0,1,0.00
1525,2,40.0,1,0.00
1526,2,55.0,1,0.00
1527,4,84.0,4,10.00
1528,3,55.0,2,15.00
1529,4,99.0,2,10.00
1530,4,89.0,2,10.00
1531,4,110.0,2,25.00
1532,5,35.0,1,15.00
1533,6,150.0,1,25.00
1534,4,125.0,1,0.00
1535,2,50.0,1,0.00
1536,7,130.0,4,5.00
1537,3,80.0,1,0.00
1538,4,165.0,1,0.00
1539,2,90.0,1,0.00
1540,2,50.0,1,0.00
1541,2,50.0,1,0.00
1542,2,25.0,1,20.00
1543,2,45.0,1,0.00
1544,5,70.0,4,10.00
1545,4,90.0,1,0.00
1546,8,160.0,1,0.00
1547,2,70.0,1,0.00
1548,4,79.0,1,0.00
1549,1,50.0,1,0.00
1550,2,49.0,1,0.00
1551,2,49.0,1,0.00
1552,2,49.0,1,0.00
1553,3,49.0,1,0.00
1554,2,49.0,1,0.00
1555,4,49.0,1,0.00
1556,3,49.0,1,0.00
1557,4,49.0,1,0.00
1558,3,60.0,2,30.00
1559,2,89.0,1,0.00
1560,4,60.0,1,0.00
1561,6,349.0,4,25.00
1562,7,399.0,4,0.00
1563,2,80.0,1,0.00
1564,2,90.0,1,0.00
1565,5,101.0,1,0.00
1566,5,120.0,4,35.00
1567,4,38.0,2,4.00
1568,5,80.0,2,50.00
1569,7,40.0,1,20.00
1570,2,85.0,1,10.00
1571,2,135.0,1,0.00
1572,2,50.0,1,20.00
1573,4,125.0,4,15.00
1574,2,110.0,1,0.00
1575,5,55.0,1,10.00
1576,2,80.0,1,0.00
1577,2,75.0,1,0.00
1578,2,25.0,1,0.00
1579,2,75.0,1,18.00
1580,2,50.0,1,0.00
1581,2,50.0,1,0.00
1582,2,60.0,1,0.00
1583,2,50.0,1,0.00
1584,2,50.0,1,0.00
1585,7,40.0,1,25.00
1586,2,80.0,1,0.00
1587,2,65.0,1,5.00
1588,2,80.0,1,0.00
1589,2,80.0,1,0.00
1590,2,75.0,1,0.00
1591,2,35.0,1,0.00
1592,4,52.0,1,10.00
1593,2,30.0,1,0.00
1594,2,70.0,1,0.00
1595,7,60.0,5,7.00
1596,2,46.0,1,0.00
1597,6,167.0,4,25.00
1598,2,25.0,1,0.00
1599,2,65.0,1,0.00
1600,2,75.0,1,0.00
1601,4,45.0,2,10.00
1602,2,70.0,1,0.00
1603,2,75.0,1,0.00
1604,3,32.0,1,10.00
1605,2,55.0,1,0.00
1606,2,37.0,1,0.00
1607,12,500.0,10,10.00
1608,7,190.0,1,0.00
1609,2,65.0,1,0.00
1610,3,98.0,3,20.00
1611,2,78.0,2,20.00
1612,3,75.0,1,0.00
1613,2,23.0,1,0.00
1614,2,30.0,1,0.00
1615,2,70.0,1,0.00
1616,3,64.0,1,15.00
1617,4,55.0,1,25.00
1618,2,80.0,1,0.00
1619,12,161.0,7,28.00
1620,8,250.0,4,20.00
1621,2,90.0,1,0.00
1622,4,55.0,1,15.00
1623,2,45.0,1,0.00
1624,2,35.0,1,10.00
1625,7,40.0,1,20.00
1626,5,40.0,1,20.00
1627,6,95.0,1,0.00
1628,4,33.0,1,11.00
1629,16,346.0,2,40.00
1630,6,140.0,2,39.00
1631,2,32.0,1,10.00
1632,4,67.0,2,30.00
1633,4,59.0,1,0.00
1634,1,21.0,1,0.00
1635,4,90.0,1,0.00
1636,6,115.0,2,20.00
1637,3,40.0,2,10.00
1638,7,250.0,5,10.00
1639,2,60.0,1,15.00
1640,1,22.0,10,15.00
1641,4,60.0,2,20.00
1642,2,55.0,1,15.00
1643,4,90.0,2,20.00
1644,6,80.0,2,20.00
1645,6,90.0,2,15.00
1646,4,89.0,1,10.00
1647,2,40.0,1,0.00
1648,4,125.0,1,0.00
1649,4,89.0,1,0.00
1650,2,70.0,1,0.00
1651,3,999.0,1,0.00
1652,2,135.0,1,0.00
1653,3,999.0,1,0.00
1654,3,999.0,1,0.00
1655,6,999.0,1,0.00
1656,6,999.0,1,0.00
1657,6,999.0,1,0.00
1658,8,999.0,1,0.00
1659,8,999.0,1,0.00
1660,8,109.0,4,17.00
1661,2,69.0,1,0.00
1662,4,50.0,1,25.00
1663,2,40.0,1,0.00
1664,2,45.0,1,0.00
1665,2,49.0,2,55.00
1666,2,55.0,1,0.00
1667,2,85.0,2,30.00
1668,4,100.0,1,15.00
1669,2,55.0,1,20.00
1670,7,120.0,4,10.00
1671,3,45.0,2,30.00
1672,6,999.0,1,0.00
1673,6,999.0,1,0.00
1674,6,999.0,1,0.00
1675,3,999.0,1,0.00
1676,3,999.0,1,0.00
1677,3,999.0,1,0.00
1678,8,999.0,1,0.00
1679,8,999.0,1,0.00
1680,2,85.0,1,0.00
1681,3,50.0,1,0.00
1682,4,30.0,2,15.00
1683,2,40.0,1,0.00
1684,2,56.0,1,0.00
1685,4,123.0,1,0.00
1686,4,89.0,1,0.00
1687,4,45.0,2,10.00
1688,4,85.0,2,20.00
1689,4,80.0,2,10.00
1690,4,100.0,1,0.00
1691,4,150.0,1,0.00
1692,2,60.0,1,0.00
1693,2,25.0,1,0.00
1694,2,102.0,1,0.00
1695,2,120.0,1,0.00
1696,2,129.0,1,0.00
1697,2,147.0,1,0.00
1698,3,182.0,1,0.00
1699,2,49.0,1,0.00
1700,2,54.0,1,0.00
1701,4,130.0,1,0.00
1702,3,75.0,2,10.00
1703,4,150.0,1,0.00
1704,4,80.0,3,15.00
1705,2,25.0,1,15.00
1706,4,140.0,2,0.00
1707,8,999.0,8,0.00
1708,6,999.0,6,0.00
1709,3,999.0,3,0.00
1710,3,95.0,2,0.00
1711,4,64.0,2,10.00
1712,2,95.0,1,0.00
1713,4,55.0,2,20.00
1714,2,48.0,1,0.00
1715,2,48.0,1,0.00
1716,2,48.0,1,0.00
1717,4,73.0,1,0.00
1718,4,73.0,1,0.00
1719,4,73.0,1,0.00
1720,2,48.0,1,0.00
1721,2,48.0,1,0.00
1722,2,48.0,1,0.00
1723,2,48.0,1,0.00
1724,2,48.0,1,0.00
1725,4,999.0,4,0.00
1726,1,20.0,1,0.00
1727,2,45.0,2,10.00
1728,6,99.0,2,10.00
1729,4,89.0,2,10.00
1730,4,89.0,2,10.00
1731,2,35.0,1,0.00
1732,4,319.0,1,25.00
1733,1,25.0,1,0.00
1734,2,30.0,1,0.00
1735,3,999.0,1,0.00
1736,3,999.0,1,0.00
1737,3,999.0,1,0.00
1738,6,999.0,1,0.00
1739,6,999.0,1,0.00
1740,6,999.0,1,0.00
1741,8,999.0,1,0.00
1742,8,999.0,1,0.00
1743,4,60.0,2,10.00
1744,4,110.0,1,0.00
1745,2,93.0,2,0.00
1746,8,142.0,4,10.00
1747,2,65.0,1,0.00
1748,4,67.0,2,10.00
1749,5,67.0,2,10.00
1750,5,67.0,2,10.00
1751,3,45.0,2,10.00
1752,2,50.0,2,20.00
1753,2,24.0,1,9.00
1754,2,150.0,1,20.00
1755,2,59.0,1,15.00
1756,2,100.0,1,0.00
1757,2,115.0,1,55.00
1758,2,69.0,2,30.00
1759,4,120.0,2,10.00
1760,2,115.0,1,55.00
1761,2,120.0,1,55.00
1762,2,50.0,1,0.00
1763,2,155.0,2,0.00
1764,2,135.0,2,0.00
1765,4,35.0,1,25.00
1766,2,85.0,1,0.00
1767,5,59.0,3,15.00
1768,2,85.0,2,0.00
1769,2,44.0,1,0.00
1770,3,77.0,2,20.00
1771,2,75.0,1,0.00
1772,2,21.0,1,10.00
1773,4,65.0,1,0.00
1774,3,49.0,2,10.00
1775,2,55.0,1,0.00
1776,3,54.0,1,10.00
1777,4,80.0,1,0.00
1778,2,75.0,1,0.00
1779,2,52.0,1,0.00
1780,2,30.0,1,0.00
1781,2,40.0,1,0.00
1782,4,45.0,2,10.00
1783,2,85.0,2,15.00
1784,2,150.0,2,15.00
1785,7,45.0,1,25.00
1786,2,42.0,1,0.00
1787,2,54.0,1,0.00
1788,2,60.0,1,0.00
1789,4,69.0,2,7.00
1790,4,97.0,1,0.00
1791,1,30.0,1,0.00
1792,2,95.0,2,35.00
1793,2,102.0,1,0.00
1794,2,75.0,1,0.00
1795,2,145.0,2,15.00
1796,2,37.0,1,0.00
1797,2,50.0,1,0.00
1798,7,75.0,4,15.00
1799,2,300.0,1,0.00
1800,2,50.0,1,0.00
1801,2,90.0,1,0.00
1802,2,55.0,1,0.00
1803,9,45.0,1,22.00
1804,8,40.0,1,20.00
1805,6,45.0,1,22.00
1806,10,45.0,1,20.00
1807,9,35.0,1,20.00
1808,9,38.0,1,20.00
1809,2,50.0,1,0.00
1810,4,75.0,1,0.00
1811,2,55.0,1,0.00
1812,10,180.0,1,0.00
1813,3,95.0,2,30.00
1814,1,19.0,1,10.00
1815,4,70.0,2,15.00
1816,4,85.0,2,10.00
1817,6,80.0,2,15.00
1818,2,50.0,1,0.00
1819,4,80.0,2,40.00
1820,3,45.0,2,20.00
1821,2,60.0,1,0.00
1822,2,70.0,1,0.00
1823,3,60.0,2,0.00
1824,2,59.0,1,0.00
1825,3,40.0,1,0.00
1826,4,85.0,2,15.00
1827,2,60.0,1,0.00
1828,2,65.0,1,0.00
1829,2,55.0,1,0.00
1830,2,69.0,2,30.00
1831,4,125.0,1,0.00
1832,2,48.0,1,0.00
1833,2,95.0,1,0.00
1834,2,55.0,1,0.00
1835,2,25.0,1,10.00
1836,1,88.0,1,0.00
1837,6,79.0,1,0.00
1838,2,70.0,1,40.00
1839,6,99.0,2,15.00
1840,3,47.0,1,0.00
1841,2,45.0,1,0.00
1842,2,90.0,1,0.00
1843,4,45.0,1,25.00
1844,2,40.0,1,0.00
1845,4,59.0,1,0.00
1846,4,250.0,1,0.00
1847,4,180.0,2,20.00
1848,1,40.0,1,0.00
1849,2,55.0,1,0.00
1850,6,240.0,1,0.00
1851,2,115.0,1,0.00
1852,2,60.0,1,0.00
1853,1,50.0,1,0.00
1854,2,90.0,1,0.00
1855,2,60.0,2,10.00
1856,3,55.0,2,25.00
1857,2,75.0,1,0.00
1858,2,80.0,1,0.00
1859,6,59.0,4,10.00
1860,2,49.0,1,0.00
1861,4,45.0,1,25.00
1862,4,70.0,2,15.00
1863,4,45.0,1,30.00
1864,2,80.0,1,0.00
1865,4,45.0,1,25.00
1866,6,80.0,2,15.00
1867,2,55.0,1,0.00
1868,4,100.0,1,0.00
1869,4,45.0,1,25.00
1870,2,50.0,1,0.00
1871,6,109.0,1,0.00
1872,2,25.0,1,10.00
1873,4,65.0,2,15.00
1874,12,255.0,8,20.00
1875,5,58.0,1,0.00
1876,2,159.0,1,0.00
1877,2,50.0,1,0.00
1878,2,68.0,1,0.00
1879,2,40.0,1,0.00
1880,2,60.0,1,0.00
1881,2,50.0,1,0.00
1882,1,22.0,1,0.00
1883,6,129.0,4,15.00
1884,6,120.0,5,24.00
1885,2,49.0,1,0.00
1886,2,49.0,2,15.00
1887,2,75.0,1,0.00
1888,2,59.0,1,0.00
1889,4,70.0,2,15.00
1890,6,80.0,2,15.00
1891,2,65.0,2,0.00
1892,3,59.0,2,25.00
1893,3,220.0,1,0.00
1894,5,75.0,1,15.00
1895,3,150.0,1,0.00
1896,2,120.0,1,0.00
1897,2,50.0,1,0.00
1898,1,36.0,1,0.00
1899,2,75.0,1,0.00
1900,2,120.0,1,15.00
1901,2,48.0,1,0.00
1902,2,26.0,1,0.00
1903,4,75.0,2,30.00
1904,4,67.0,2,25.00
1905,4,75.0,2,10.00
1906,1,33.0,1,0.00
1907,2,139.0,1,0.00
1908,3,75.0,2,60.00
1909,4,180.0,1,0.00
1910,1,30.0,1,0.00
1911,4,85.0,1,0.00
1912,4,99.0,1,0.00
1913,2,120.0,2,0.00
1914,4,99.0,1,0.00
1915,4,99.0,1,0.00
1916,4,99.0,1,0.00
1917,2,120.0,2,25.00
1918,4,45.0,1,25.00
1919,2,49.0,1,0.00
1920,2,14.0,1,0.00
1921,8,249.0,1,0.00
1922,4,180.0,1,0.00
1923,2,35.0,2,15.00
1924,2,75.0,1,0.00
1925,2,75.0,1,35.00
1926,2,25.0,1,15.00
1927,2,70.0,1,0.00
1928,6,65.0,4,25.00
1929,5,77.0,4,33.00
1930,10,40.0,1,25.00
1931,7,165.0,1,0.00
1932,4,55.0,2,15.00
1933,6,145.0,2,15.00
1934,8,100.0,6,15.00
1935,2,40.0,1,0.00
1936,5,85.0,1,0.00
1937,2,77.0,1,0.00
1938,4,78.0,2,20.00
1939,4,80.0,1,0.00
1940,1,90.0,7,10.00
1941,4,69.0,1,10.00
1942,4,78.0,1,10.00
1943,4,88.0,1,10.00
1944,4,50.0,1,0.00
1945,4,78.0,1,10.00
1946,3,69.0,1,10.00
1947,3,78.0,1,10.00
1948,4,50.0,1,10.00
1949,3,99.0,1,10.00
1950,4,150.0,1,0.00
1951,7,110.0,7,10.00
1952,5,275.0,1,0.00
1953,12,40.0,1,25.00
1954,4,112.0,1,0.00
1955,5,120.0,1,0.00
1956,2,29.0,1,0.00
1957,3,75.0,1,0.00
1958,6,77.0,4,15.00
1959,8,200.0,1,0.00
1960,8,45.0,1,20.00
1961,2,60.0,1,0.00
1962,2,50.0,1,0.00
1963,6,80.0,1,0.00
1964,2,60.0,1,0.00
1965,5,100.0,1,0.00
1966,2,42.0,1,0.00
1967,4,45.0,1,30.00
1968,4,45.0,1,30.00
1969,2,39.0,1,5.00
1970,1,25.0,1,0.00
1971,4,45.0,1,30.00
1972,4,45.0,1,25.00
1973,8,45.0,1,20.00
1974,2,85.0,1,0.00
1975,2,85.0,1,0.00
1976,2,85.0,1,0.00
1977,4,100.0,1,0.00
1978,2,50.0,1,0.00
1979,2,60.0,1,0.00
1980,2,90.0,2,10.00
1981,2,35.0,1,10.00
1982,2,139.0,1,0.00
1983,2,48.0,1,0.00
1984,6,180.0,1,0.00
1985,2,85.0,1,0.00
1986,4,50.0,1,0.00
1987,8,38.0,1,20.00
1988,2,85.0,1,0.00
1989,8,35.0,1,20.00
1990,7,159.0,2,25.00
1991,3,40.0,1,20.00
1992,2,100.0,1,0.00
1993,2,35.0,1,0.00
1994,4,55.0,2,15.00
1995,2,100.0,1,50.00
1996,3,70.0,1,0.00
1997,3,75.0,2,10.00
1998,2,43.0,1,0.00
1999,4,60.0,1,0.00
2000,4,35.0,2,7.00
2001,2,50.0,1,0.00
2002,2,85.0,1,0.00
2003,2,96.0,1,0.00
2004,6,120.0,1,24.00
2005,2,90.0,1,0.00
2006,2,41.0,1,0.00
2007,8,500.0,1,0.00
2008,4,150.0,1,0.00
2009,2,120.0,1,0.00
2010,2,55.0,1,0.00
2011,2,85.0,1,0.00
2012,2,47.0,2,20.00
2013,2,65.0,1,15.00
2014,2,66.0,1,0.00
2015,5,97.0,2,25.00
2016,4,180.0,1,0.00
2017,4,59.0,2,10.00
2018,2,36.0,1,0.00
2019,4,45.0,2,15.00
2020,2,39.0,1,0.00
2021,4,999.0,1,0.00
2022,4,999.0,1,0.00
2023,6,999.0,1,0.00
2024,6,999.0,1,0.00
2025,8,999.0,1,0.00
2026,8,999.0,1,0.00
2027,4,58.0,2,10.00
2028,2,30.0,1,0.00
2029,8,999.0,1,0.00
2030,8,999.0,1,0.00
2031,2,50.0,1,0.00
2032,2,50.0,1,0.00
2033,2,68.0,1,0.00
2034,2,100.0,1,0.00
2035,4,77.0,4,0.00
2036,4,49.0,2,9.00
2037,2,37.0,1,0.00
2038,3,105.0,1,10.00
2039,4,80.0,1,0.00
2040,2,29.0,1,0.00
2041,1,35.0,1,0.00
2042,4,999.0,1,0.00
2043,4,999.0,1,0.00
2044,4,999.0,1,0.00
2045,4,999.0,1,0.00
2046,4,999.0,1,0.00
2047,4,999.0,1,0.00
2048,4,999.0,1,0.00
2049,4,999.0,1,0.00
2050,4,999.0,1,0.00
2051,4,75.0,1,0.00
2052,2,50.0,1,0.00
2053,2,52.0,1,5.00
2054,4,200.0,2,25.00
2055,4,150.0,2,20.00
2056,3,35.0,1,0.00
2057,2,55.0,1,0.00
2058,2,75.0,1,0.00
2059,2,75.0,1,0.00
2060,2,22.0,1,5.00
2061,2,75.0,1,0.00
2062,3,50.0,1,20.00
2063,2,70.0,1,0.00
2064,3,65.0,1,0.00
2065,2,20.0,1,0.00
2066,4,89.0,2,15.00
2067,2,100.0,1,5.00
2068,4,65.0,2,20.00
2069,3,90.0,1,0.00
2070,1,25.0,1,0.00
2071,2,80.0,1,0.00
2072,4,59.0,1,15.00
2073,8,150.0,2,28.00
2074,2,59.0,1,0.00
2075,2,190.0,1,0.00
2076,3,164.0,1,0.00
2077,2,70.0,1,0.00
2078,7,110.0,1,15.00
2079,4,120.0,1,15.00
2080,2,55.0,1,0.00
2081,2,80.0,1,30.00
2082,4,120.0,1,15.00
2083,4,120.0,1,15.00
2084,3,34.0,2,15.00
2085,4,120.0,1,15.00
2086,4,200.0,1,15.00
2087,6,300.0,1,15.00
2088,2,25.0,1,0.00
2089,4,79.0,1,15.00
2090,4,135.0,4,0.00
2091,4,60.0,2,10.00
2092,6,95.0,2,35.00
2093,2,20.0,1,0.00
2094,4,57.0,1,0.00
2095,2,35.0,1,0.00
2096,8,240.0,2,40.00
2097,3,200.0,2,100.00
2098,5,60.0,1,15.00
2099,2,60.0,1,0.00
2100,1,30.0,1,0.00
2101,3,75.0,1,0.00
2102,12,45.0,1,25.00
2103,5,50.0,1,0.00
2104,10,45.0,1,20.00
2105,2,50.0,1,0.00
2106,2,70.0,1,15.00
2107,2,60.0,1,0.00
2108,2,75.0,1,0.00
2109,1,14.0,1,0.00
2110,2,85.0,1,0.00
2111,3,37.0,2,16.00
2112,2,99.0,1,0.00
2113,5,90.0,1,0.00
2114,2,99.0,1,0.00
2115,4,85.0,2,25.00
2116,2,100.0,1,0.00
2117,2,35.0,1,10.00
2118,2,39.0,2,0.00
2119,4,80.0,1,10.00
2120,4,60.0,1,0.00
2121,2,50.0,1,0.00
2122,8,119.0,2,60.00
2123,1,40.0,1,0.00
2124,4,30.0,2,10.00
2125,2,45.0,1,0.00
2126,2,150.0,1,0.00
2127,8,179.0,1,0.00
2128,2,55.0,1,0.00
2129,3,45.0,2,18.00
2130,5,85.0,1,0.00
2131,2,90.0,1,0.00
2132,4,119.0,1,0.00
2133,12,45.0,1,25.00
2134,4,65.0,1,0.00
2135,2,60.0,1,0.00
2136,2,60.0,1,0.00
2137,4,109.0,1,89.00
2138,2,60.0,2,12.00
2139,2,80.0,2,0.00
2140,4,120.0,1,0.00
2141,2,75.0,1,0.00
2142,12,45.0,1,25.00
2143,12,45.0,1,25.00
2144,2,30.0,1,0.00
2145,2,50.0,1,20.00
2146,2,85.0,1,0.00
2147,2,70.0,1,0.00
2148,3,70.0,2,10.00
2149,3,45.0,1,0.00
2150,4,85.0,2,5.00
2151,2,35.0,1,25.00
2152,4,999.0,1,0.00
2153,6,999.0,1,0.00
2154,8,999.0,1,0.00
2155,3,60.0,2,10.00
2156,2,28.0,1,25.00
2157,8,999.0,1,0.00
2158,6,150.0,1,0.00
2159,2,70.0,1,0.00
2160,6,58.0,2,35.00
2161,2,39.0,1,0.00
2162,16,28.0,1,26.00
2163,2,59.0,1,0.00
2164,4,60.0,3,15.00
2165,2,100.0,1,0.00
2166,4,110.0,1,0.00
2167,2,45.0,1,0.00
2168,2,50.0,2,20.00
2169,5,118.0,1,0.00
2170,5,80.0,4,10.00
2171,4,100.0,1,0.00
2172,2,36.0,1,27.00
2173,2,40.0,1,0.00
2174,2,65.0,1,0.00
2175,1,20.0,1,15.00
2176,1,20.0,1,15.00
2177,4,59.0,2,20.00
2178,3,35.0,1,5.00
2179,10,45.0,1,25.00
2180,2,30.0,1,0.00
2181,4,150.0,1,0.00
2182,4,110.0,1,0.00
2183,7,120.0,1,0.00
2184,2,250.0,1,0.00
2185,2,39.0,1,0.00
2186,2,61.0,1,0.00
2187,2,55.0,1,0.00
2188,2,65.0,1,70.00
2189,2,65.0,1,0.00
2190,4,59.0,1,0.00
2191,2,45.0,1,15.00
2192,2,75.0,1,0.00
2193,2,90.0,1,0.00
2194,6,230.0,1,0.00
2195,4,200.0,1,0.00
2196,2,95.0,1,0.00
2197,6,140.0,2,10.00
2198,2,65.0,1,0.00
2199,2,150.0,1,0.00
2200,2,160.0,1,0.00
2201,2,150.0,1,0.00
2202,2,150.0,1,0.00
2203,2,27.0,1,0.00
2204,1,18.0,1,15.00
2205,4,50.0,2,10.00
2206,2,120.0,1,0.00
2207,4,79.0,1,15.00
2208,8,199.0,1,0.00
2209,2,45.0,1,0.00
2210,5,66.0,1,0.00
2211,2,120.0,1,0.00
2212,4,75.0,2,5.00
2213,2,63.0,1,0.00
2214,5,125.0,2,25.00
2215,2,85.0,1,0.00
2216,3,70.0,1,0.00
2217,5,110.0,1,0.00
2218,1,145.0,1,0.00
2219,3,79.0,2,0.00
2220,2,37.0,1,0.00
2221,2,70.0,1,0.00
2222,11,50.0,2,40.00
2223,9,40.0,1,25.00
2224,2,60.0,1,20.00
2225,4,75.0,1,0.00
2226,6,194.0,1,0.00
2227,16,250.0,1,0.00
2228,2,100.0,1,0.00
2229,2,45.0,1,0.00
2230,16,26.0,1,26.00
2231,16,550.0,1,0.00
2232,2,130.0,1,0.00
2233,2,46.0,2,0.00
2234,3,48.0,2,40.00
2235,1,25.0,1,0.00
2236,10,182.0,6,90.00
2237,2,50.0,1,0.00
2238,2,60.0,1,0.00
2239,2,53.0,1,0.00
2240,4,70.0,1,0.00
2241,4,70.0,1,5.00
2242,4,120.0,1,0.00
2243,16,22.0,1,15.00
2244,2,70.0,1,0.00
2245,3,40.0,1,0.00
2246,2,25.0,1,5.00
2247,2,35.0,1,0.00
2248,6,195.0,1,0.00
2249,5,179.0,1,0.00
